chrom1	pos1	dir1	chrom2	pos2	dir2	count
12	69728847	+	12	69127970	-	1
12	69029013	+	12	58292593	+	1
12	69115956	+	12	68833902	+	1
12	69199255	-	12	64240064	-	1
12	70087282	+	12	69114474	-	2
12	69039623	+	12	66546976	+	1
12	69039859	-	6	48196328	-	1
12	69097355	+	12	67301848	-	1
12	69175483	-	12	67798314	+	1
12	69189407	+	12	63499807	-	1
12	69240420	-	12	69189725	-	2
12	69124639	-	12	41781624	-	1
12	69154302	+	12	41933030	+	1
12	69038267	-	12	68630568	-	1
12	69098997	-	12	58191819	+	2
12	69098997	-	7	55711767	-	1
12	69151686	-	12	58400705	+	2
12	69181977	-	12	63171864	-	4
12	69189550	-	7	55231664	-	1
12	69189550	-	12	67546314	+	1
12	69124014	+	12	68458085	-	1
1	162581657	-	12	69217699	+	1
12	69028944	+	12	57797526	-	3
12	69028954	+	12	66306888	+	1
12	69040666	+	12	65921909	+	1
12	69042649	-	12	57797616	-	2
12	69043626	-	12	65898283	-	1
12	69225027	+	12	63701990	-	1
12	69897149	+	12	69096468	-	1
12	76138232	-	12	69108137	-	1
12	69093263	+	12	58405079	-	1
12	70203256	+	12	69189030	+	1
12	70702871	-	12	69055976	-	1
12	71124154	+	12	69187885	-	1
12	71202748	-	12	69067203	+	1
12	76358409	+	12	69043441	-	1
12	90852026	+	12	69070364	-	1
12	92835247	-	12	69233984	-	1
12	126697389	-	12	69142306	-	1
12	69058312	-	12	61699487	+	1
12	69060945	-	12	61030529	-	1
12	69068046	+	12	67859682	+	1
12	69079686	-	12	66450089	+	1
12	69080680	-	12	67087232	-	2
12	69080680	-	12	63112023	+	1
12	69080686	-	12	57914161	+	1
12	69080734	+	12	58843947	-	1
12	69080737	+	12	67084176	-	2
12	69080740	+	12	57914203	+	1
12	69126339	+	12	58704586	+	1
12	69159686	-	12	62491402	+	1
12	69162448	-	12	61382797	+	1
12	72095049	+	12	69079868	+	1
