ID	Start_Position	End_Position	SV_Type	Frequency
1	12:69263448+	12:57498940+	Inversion	1
2	12:69728847+	12:69127970-	Deletion	1
3	12:69029013+	12:58292593+	Inversion	1
4	12:69115956+	12:68833902+	Inversion	1
5	12:69199255-	12:64240064-	Inversion	1
6	12:70087282+	12:69114474-	Deletion	1
7	12:69039623+	12:66546976+	Inversion	1
8	12:69039859-	6:48196328-	Translocation	1
9	12:69097355+	12:67301848-	Deletion	1
10	12:69175483-	12:67798314+	Circularization	1
11	12:69189407+	12:63499807-	Deletion	1
12	12:69240079+	6:48206489+	Translocation	1
13	12:69240420-	12:69189725-	Inversion	1
14	12:69124639-	12:41781624-	Inversion	1
15	12:69154302+	12:41933030+	Inversion	1
16	12:69247441-	12:41938811-	Inversion	1
17	12:69256516-	12:69255778+	Circularization	1
18	12:69270631-	12:39835102+	Circularization	1
19	12:69038267-	12:68630568-	Inversion	1
20	12:69098997-	12:58191819+	Circularization	1
21	12:69098997-	7:55711767-	Translocation	1
22	12:69151686-	12:58400705+	Circularization	1
23	12:69181977-	12:63171864-	Inversion	1
24	12:69189550-	7:55231664-	Translocation	1
25	12:69189550-	12:67546314+	Circularization	1
26	12:69251023+	7:55608304-	Translocation	1
27	12:69260395+	12:58863385+	Inversion	1
28	12:69124014+	12:68458085-	Deletion	1
29	1:162581657-	12:69217699+	Translocation	1
30	12:69028944+	12:57797526-	Deletion	1
31	12:69028954+	12:66306888+	Inversion	1
32	12:69040666+	12:65921909+	Inversion	1
33	12:69042649-	12:57797616-	Inversion	1
34	12:69043626-	12:65898283-	Inversion	1
35	12:69225027+	12:63701990-	Deletion	1
36	12:69276297+	12:58259293+	Inversion	1
37	12:69897149+	12:69096468-	Deletion	1
38	12:69998994+	12:69177530-	Deletion	1
39	12:71235024-	12:69258304+	Circularization	1
40	12:76138232-	12:69108137-	Inversion	1
41	12:69088346-	12:58401037+	Circularization	1
42	12:69093263+	12:58405079-	Deletion	1
43	12:69097925-	12:58160108+	Circularization	1
44	12:70203256+	12:69189030+	Inversion	1
45	12:70702871-	12:69055976-	Inversion	1
46	12:71124154+	12:69187885-	Deletion	1
47	12:71202748-	12:69067203+	Circularization	1
48	12:76358409+	12:69043441-	Deletion	1
49	12:90852026+	12:69070364-	Deletion	1
50	12:92835247-	12:69233984-	Inversion	1
51	12:126697389-	12:69142306-	Inversion	1
52	12:69058312-	12:61699487+	Circularization	1
53	12:69060945-	12:61030529-	Inversion	1
54	12:69068046+	12:67859682+	Inversion	1
55	12:69079686-	12:66450089+	Circularization	1
56	12:69080680-	12:67087232-	Inversion	1
57	12:69080680-	12:67084150-	Inversion	1
58	12:69080680-	12:63112023+	Circularization	1
59	12:69080680-	12:63111863-	Inversion	3
60	12:69080686-	12:57914161+	Circularization	1
61	12:69080686-	12:57914120-	Inversion	1
62	12:69080734+	12:57914108-	Deletion	2
63	12:69080734+	12:58843947-	Deletion	1
64	12:69080737+	12:67084176-	Deletion	1
65	12:69080740+	12:57914203+	Inversion	1
66	12:69080740+	12:67087207-	Deletion	1
67	12:69126339+	12:58704586+	Inversion	1
68	12:69126542-	12:69122930-	Inversion	1
69	12:69159686-	12:62491402+	Circularization	1
70	12:69162448-	12:61382797+	Circularization	1
71	12:72095049+	12:69079868+	Inversion	1
